-- MySQL dump 10.13  Distrib 8.0.19, for Linux (x86_64)
--
-- Host: localhost    Database: vk
-- ------------------------------------------------------
-- Server version	8.0.19

/*!40101 SET @OLD_CHARACTER_SET_CLIENT=@@CHARACTER_SET_CLIENT */;
/*!40101 SET @OLD_CHARACTER_SET_RESULTS=@@CHARACTER_SET_RESULTS */;
/*!40101 SET @OLD_COLLATION_CONNECTION=@@COLLATION_CONNECTION */;
/*!50503 SET NAMES utf8mb4 */;
/*!40103 SET @OLD_TIME_ZONE=@@TIME_ZONE */;
/*!40103 SET TIME_ZONE='+00:00' */;
/*!40014 SET @OLD_UNIQUE_CHECKS=@@UNIQUE_CHECKS, UNIQUE_CHECKS=0 */;
/*!40014 SET @OLD_FOREIGN_KEY_CHECKS=@@FOREIGN_KEY_CHECKS, FOREIGN_KEY_CHECKS=0 */;
/*!40101 SET @OLD_SQL_MODE=@@SQL_MODE, SQL_MODE='NO_AUTO_VALUE_ON_ZERO' */;
/*!40111 SET @OLD_SQL_NOTES=@@SQL_NOTES, SQL_NOTES=0 */;

--
-- Table structure for table `communities`
--

DROP TABLE IF EXISTS `communities`;
/*!40101 SET @saved_cs_client     = @@character_set_client */;
/*!50503 SET character_set_client = utf8mb4 */;
CREATE TABLE `communities` (
  `id` int unsigned NOT NULL AUTO_INCREMENT,
  `name` varchar(150) CHARACTER SET utf8 COLLATE utf8_unicode_ci NOT NULL,
  PRIMARY KEY (`id`),
  UNIQUE KEY `name` (`name`)
) ENGINE=InnoDB AUTO_INCREMENT=101 DEFAULT CHARSET=utf8 COLLATE=utf8_unicode_ci;
/*!40101 SET character_set_client = @saved_cs_client */;

--
-- Dumping data for table `communities`
--

LOCK TABLES `communities` WRITE;
/*!40000 ALTER TABLE `communities` DISABLE KEYS */;
INSERT INTO `communities` VALUES (1,'Accusantium ipsa nihil perspiciatis.'),(4,'Aliquid accusamus tempora eligendi qui sunt libero.'),(10,'Architecto esse quia sequi.'),(2,'Aspernatur et quaerat vel voluptatem inventore voluptate enim.'),(9,'Aspernatur ut at voluptatem sit iste repellat.'),(16,'Dolorem eum accusamus autem corporis enim omnis.'),(20,'Dolorem odit perspiciatis officia quo nobis nostrum id consequatur.'),(5,'Est eum aut vitae maxime libero est.'),(3,'Est nostrum velit mollitia est et qui maiores.'),(18,'Et molestiae labore eveniet perferendis ut aut.'),(8,'Illum non iusto voluptatem voluptatem fugit porro qui.'),(11,'Illum unde debitis sed delectus non sint est.'),(12,'Ipsum voluptates quae quod voluptas enim.'),(6,'Iusto neque quia ullam quidem aut veritatis sunt.'),(13,'Perferendis quia atque occaecati voluptas magni.'),(19,'Quam molestias debitis nemo illo debitis optio.'),(7,'Reiciendis praesentium omnis quo aut necessitatibus facilis.'),(15,'Sint modi consectetur modi voluptas aut laboriosam consequatur et.'),(14,'Voluptas qui consequatur beatae sapiente.'),(17,'Voluptatem nesciunt repudiandae autem maxime magni quaerat non tempore.');
/*!40000 ALTER TABLE `communities` ENABLE KEYS */;
UNLOCK TABLES;

--
-- Table structure for table `communities_users`
--

DROP TABLE IF EXISTS `communities_users`;
/*!40101 SET @saved_cs_client     = @@character_set_client */;
/*!50503 SET character_set_client = utf8mb4 */;
CREATE TABLE `communities_users` (
  `community_id` int unsigned NOT NULL,
  `user_id` int unsigned NOT NULL,
  PRIMARY KEY (`community_id`,`user_id`)
) ENGINE=InnoDB DEFAULT CHARSET=utf8 COLLATE=utf8_unicode_ci;
/*!40101 SET character_set_client = @saved_cs_client */;

--
-- Dumping data for table `communities_users`
--

LOCK TABLES `communities_users` WRITE;
/*!40000 ALTER TABLE `communities_users` DISABLE KEYS */;
INSERT INTO `communities_users` VALUES (1,1),(1,6),(1,7),(1,94),(2,8),(2,52),(2,63),(2,79),(3,4),(3,24),(3,36),(3,58),(3,77),(4,14),(4,35),(4,53),(4,57),(4,59),(4,70),(4,71),(4,74),(4,75),(5,34),(5,67),(5,92),(6,17),(6,18),(6,40),(6,43),(6,49),(6,68),(6,73),(7,3),(7,9),(7,23),(7,62),(7,76),(7,84),(7,95),(7,100),(8,21),(8,33),(8,46),(8,51),(8,72),(8,80),(8,88),(9,11),(9,15),(9,47),(9,60),(9,64),(10,2),(10,10),(10,22),(10,39),(10,87),(10,90),(10,96),(10,97),(11,19),(11,61),(11,89),(12,69),(12,81),(13,12),(13,50),(13,56),(13,66),(13,86),(14,5),(14,25),(14,29),(14,38),(14,54),(15,16),(15,27),(15,78),(15,82),(15,91),(16,20),(16,28),(17,13),(17,32),(17,42),(17,45),(18,48),(18,83),(18,98),(19,26),(19,41),(19,44),(19,55),(19,85),(19,93),(20,30),(20,31),(20,37),(20,65),(20,99);
/*!40000 ALTER TABLE `communities_users` ENABLE KEYS */;
UNLOCK TABLES;

--
-- Table structure for table `friendship`
--

DROP TABLE IF EXISTS `friendship`;
/*!40101 SET @saved_cs_client     = @@character_set_client */;
/*!50503 SET character_set_client = utf8mb4 */;
CREATE TABLE `friendship` (
  `user_id` int unsigned NOT NULL,
  `friend_id` int unsigned NOT NULL,
  `status_id` int unsigned NOT NULL,
  `requsted_at` datetime DEFAULT CURRENT_TIMESTAMP,
  `confirme_at` datetime DEFAULT NULL,
  PRIMARY KEY (`user_id`,`friend_id`)
) ENGINE=InnoDB DEFAULT CHARSET=utf8 COLLATE=utf8_unicode_ci;
/*!40101 SET character_set_client = @saved_cs_client */;

--
-- Dumping data for table `friendship`
--

LOCK TABLES `friendship` WRITE;
/*!40000 ALTER TABLE `friendship` DISABLE KEYS */;
INSERT INTO `friendship` VALUES (1,63,1,'2013-01-28 11:13:14','2011-11-03 07:40:43'),(3,59,2,'2012-05-04 18:39:30','2018-06-01 22:14:30'),(5,43,1,'2016-02-20 19:30:53','2012-12-26 01:43:23'),(5,88,2,'2013-06-27 17:20:06','2013-08-29 06:19:23'),(6,15,2,'2010-12-10 02:21:36','2016-07-28 09:48:27'),(6,81,1,'2016-09-26 01:24:28','2014-11-13 07:06:26'),(6,99,3,'2016-08-14 16:38:59','2019-03-08 09:54:36'),(7,39,1,'2015-09-30 13:48:06','2010-12-24 06:56:57'),(7,59,2,'2019-02-23 14:18:40','2013-07-04 17:50:03'),(8,53,2,'2016-04-10 05:22:13','2015-11-02 22:02:14'),(8,86,2,'2015-05-23 02:44:29','2016-12-01 18:13:31'),(12,80,2,'2011-08-19 02:32:21','2019-10-26 13:27:26'),(14,6,2,'2018-03-03 16:36:57','2012-06-10 05:58:48'),(17,48,3,'2012-03-07 14:26:22','2016-02-27 04:18:37'),(18,79,2,'2018-02-03 14:44:42','2019-10-03 13:35:45'),(19,61,1,'2012-12-15 11:12:40','2010-05-22 12:21:58'),(21,97,2,'2011-07-18 02:42:38','2011-04-04 23:41:50'),(23,4,3,'2018-06-16 03:46:10','2017-08-30 19:15:22'),(23,25,1,'2014-06-25 23:24:58','2014-11-24 21:03:36'),(24,54,3,'2015-06-19 22:52:33','2019-01-19 11:41:23'),(26,31,1,'2019-02-24 07:06:17','2018-02-20 08:36:43'),(27,12,3,'2011-06-30 13:07:08','2015-05-07 02:19:32'),(31,31,3,'2010-06-15 15:57:11','2018-10-12 07:01:53'),(31,78,1,'2016-03-20 08:06:59','2011-08-25 22:48:47'),(34,71,1,'2019-10-17 18:55:58','2013-05-21 00:58:04'),(34,77,3,'2017-09-02 12:14:23','2010-07-25 05:17:00'),(35,57,1,'2019-01-09 10:52:31','2014-01-12 23:39:31'),(37,81,2,'2011-08-08 12:52:12','2020-04-22 06:06:46'),(38,13,2,'2017-06-01 16:22:26','2017-11-01 07:42:05'),(38,82,1,'2011-04-19 10:06:06','2017-05-30 23:13:10'),(38,85,2,'2010-08-11 19:52:56','2013-11-05 19:58:51'),(40,61,1,'2016-03-18 19:32:12','2020-04-08 10:03:12'),(41,34,1,'2012-12-01 16:58:10','2011-07-15 08:55:05'),(41,46,3,'2019-08-12 08:35:44','2016-04-01 03:26:56'),(44,2,3,'2010-12-10 14:48:38','2019-03-26 10:39:55'),(45,32,2,'2017-12-27 08:07:14','2020-01-09 04:39:40'),(46,27,3,'2010-12-05 04:33:27','2016-05-15 09:53:18'),(46,49,1,'2016-03-29 16:20:19','2016-05-14 05:53:24'),(48,2,1,'2012-05-24 18:28:31','2012-03-19 02:58:02'),(48,57,1,'2014-10-27 21:29:10','2015-03-12 14:56:39'),(50,67,3,'2012-09-15 22:12:30','2010-05-04 06:47:01'),(51,40,1,'2012-06-26 05:37:04','2020-03-13 22:28:06'),(51,64,1,'2016-10-07 19:59:49','2015-08-01 22:32:28'),(52,36,3,'2017-06-05 07:08:49','2013-11-13 00:50:16'),(52,46,2,'2019-02-12 18:46:28','2010-05-29 03:44:20'),(52,89,2,'2010-11-10 10:13:49','2019-01-04 06:53:19'),(52,94,3,'2019-02-19 01:12:51','2011-05-05 22:33:56'),(53,50,3,'2010-08-25 14:04:30','2015-07-23 08:40:44'),(53,91,3,'2016-05-03 11:29:53','2012-09-17 11:17:03'),(54,86,1,'2015-03-04 04:56:06','2012-06-23 08:14:27'),(56,64,1,'2015-06-26 09:54:09','2013-02-23 17:13:12'),(56,95,3,'2011-02-05 05:38:21','2010-11-20 02:01:55'),(57,41,2,'2011-10-04 14:49:18','2013-03-21 13:27:36'),(61,64,3,'2016-10-21 12:15:25','2013-09-29 08:09:09'),(61,75,1,'2012-10-03 09:48:20','2020-04-09 23:04:34'),(64,26,2,'2016-05-29 00:31:17','2011-10-09 22:34:07'),(65,17,3,'2015-08-19 05:00:21','2019-10-28 13:56:12'),(66,3,1,'2014-09-11 23:35:41','2018-01-20 17:11:27'),(66,26,3,'2018-04-09 02:10:07','2012-03-15 10:01:00'),(66,36,1,'2011-10-03 00:11:09','2015-02-23 00:35:12'),(68,81,1,'2015-12-09 04:56:11','2020-04-01 15:05:43'),(72,82,2,'2013-08-17 19:26:42','2013-09-05 11:53:39'),(73,25,3,'2014-07-08 08:16:44','2012-11-12 12:16:37'),(74,31,1,'2011-05-12 02:36:15','2011-01-28 21:19:07'),(75,55,3,'2010-06-23 02:30:32','2013-01-08 06:19:23'),(75,70,2,'2013-07-14 02:10:29','2016-05-16 04:03:08'),(75,83,1,'2013-09-14 17:56:27','2016-03-30 00:25:52'),(76,80,1,'2020-03-08 14:01:03','2013-01-22 06:50:40'),(77,85,1,'2019-10-30 08:22:12','2014-06-18 04:13:58'),(79,1,2,'2010-11-08 21:27:32','2015-05-29 11:00:32'),(80,27,3,'2016-12-25 15:30:48','2013-07-25 22:02:00'),(80,63,1,'2011-02-06 09:32:27','2012-04-21 07:11:35'),(81,12,3,'2013-07-25 00:47:36','2011-08-16 00:20:37'),(81,74,1,'2016-05-26 14:51:18','2018-10-30 09:18:51'),(81,98,3,'2012-07-16 14:35:23','2020-01-30 09:21:20'),(82,11,1,'2010-06-18 17:18:56','2012-12-14 03:25:14'),(85,41,2,'2019-04-26 20:45:40','2020-03-26 11:28:05'),(85,44,2,'2016-06-11 19:36:33','2018-10-04 02:43:21'),(86,51,1,'2012-12-25 08:56:47','2019-02-05 00:28:07'),(86,62,3,'2012-01-02 02:21:51','2015-02-04 01:27:37'),(89,1,2,'2019-11-08 08:27:38','2018-03-08 10:58:42'),(89,77,3,'2020-03-29 22:41:35','2011-08-06 13:22:14'),(90,2,3,'2015-06-13 21:22:35','2018-09-02 09:16:55'),(90,5,3,'2017-02-13 15:40:15','2013-08-24 05:10:35'),(90,30,1,'2013-01-22 04:57:05','2015-05-16 18:32:45'),(91,2,2,'2017-12-26 01:52:27','2010-06-10 22:12:21'),(91,5,3,'2013-10-28 09:49:06','2013-03-07 04:22:43'),(92,35,2,'2017-02-19 16:07:37','2010-07-02 06:19:46'),(93,9,3,'2015-11-14 06:18:35','2018-09-11 07:25:24'),(94,28,3,'2017-03-26 04:26:21','2011-07-30 15:10:59'),(94,38,3,'2012-03-21 23:49:32','2018-10-06 20:42:19'),(94,98,3,'2014-01-27 10:02:12','2013-05-26 09:46:04'),(95,28,2,'2012-03-01 09:00:47','2014-05-24 17:42:06'),(95,94,2,'2011-04-26 02:30:24','2010-09-30 19:06:25'),(96,21,2,'2018-09-19 22:48:36','2019-01-29 11:54:58'),(96,27,1,'2019-10-07 04:29:12','2010-07-28 07:38:06'),(96,33,3,'2010-12-01 07:37:29','2016-07-03 14:33:43'),(97,55,2,'2019-03-13 07:38:58','2017-07-14 17:35:09'),(98,6,2,'2016-03-26 05:37:59','2016-01-26 23:53:44'),(99,90,1,'2019-08-02 03:39:21','2013-02-14 16:43:37');
/*!40000 ALTER TABLE `friendship` ENABLE KEYS */;
UNLOCK TABLES;

--
-- Table structure for table `friendship_statuses`
--

DROP TABLE IF EXISTS `friendship_statuses`;
/*!40101 SET @saved_cs_client     = @@character_set_client */;
/*!50503 SET character_set_client = utf8mb4 */;
CREATE TABLE `friendship_statuses` (
  `id` int unsigned NOT NULL AUTO_INCREMENT,
  `name` varchar(150) CHARACTER SET utf8 COLLATE utf8_unicode_ci NOT NULL,
  PRIMARY KEY (`id`),
  UNIQUE KEY `name` (`name`)
) ENGINE=InnoDB AUTO_INCREMENT=4 DEFAULT CHARSET=utf8 COLLATE=utf8_unicode_ci;
/*!40101 SET character_set_client = @saved_cs_client */;

--
-- Dumping data for table `friendship_statuses`
--

LOCK TABLES `friendship_statuses` WRITE;
/*!40000 ALTER TABLE `friendship_statuses` DISABLE KEYS */;
INSERT INTO `friendship_statuses` VALUES (2,'Confirmed'),(3,'Rejected'),(1,'Ruquested');
/*!40000 ALTER TABLE `friendship_statuses` ENABLE KEYS */;
UNLOCK TABLES;

--
-- Table structure for table `media`
--

DROP TABLE IF EXISTS `media`;
/*!40101 SET @saved_cs_client     = @@character_set_client */;
/*!50503 SET character_set_client = utf8mb4 */;
CREATE TABLE `media` (
  `id` int unsigned NOT NULL AUTO_INCREMENT,
  `media_type_id` int unsigned NOT NULL,
  `user_id` int unsigned NOT NULL,
  `filename` varchar(255) CHARACTER SET utf8 COLLATE utf8_unicode_ci NOT NULL,
  `file_size` int unsigned NOT NULL,
  `metadata` json DEFAULT NULL,
  `created_at` datetime DEFAULT CURRENT_TIMESTAMP,
  `updated_at` datetime DEFAULT CURRENT_TIMESTAMP,
  PRIMARY KEY (`id`)
) ENGINE=InnoDB AUTO_INCREMENT=101 DEFAULT CHARSET=utf8 COLLATE=utf8_unicode_ci;
/*!40101 SET character_set_client = @saved_cs_client */;

--
-- Dumping data for table `media`
--

LOCK TABLES `media` WRITE;
/*!40000 ALTER TABLE `media` DISABLE KEYS */;
INSERT INTO `media` VALUES (1,1,93,'https://dropbox.com/vk/10610.gif',760991,'{\"owner\": \"Jamaal Fritsch\"}','2015-01-10 00:35:40','2020-04-27 18:59:32'),(2,2,83,'https://dropbox.com/vk/29904.jpeg',487613,'{\"owner\": \"Citlalli Prohaska\"}','2020-03-04 21:19:53','2020-04-27 18:59:32'),(3,2,42,'https://dropbox.com/vk/20056.jpeg',145096,'{\"owner\": \"Velma Schoen\"}','2013-11-19 11:29:16','2019-09-16 17:16:19'),(4,1,35,'https://dropbox.com/vk/26918.avi',252638,'{\"owner\": \"Julio Murazik\"}','2018-10-29 04:20:53','2020-04-27 18:59:32'),(5,3,79,'https://dropbox.com/vk/20332.avi',817903,'{\"owner\": \"Alessandro Tillman\"}','2014-03-02 08:02:44','2020-04-27 18:59:32'),(6,2,93,'https://dropbox.com/vk/18813.avi',321603,'{\"owner\": \"Jamaal Fritsch\"}','2011-04-23 02:36:57','2018-07-09 00:32:00'),(7,2,49,'https://dropbox.com/vk/19455.mp4',144305,'{\"owner\": \"Abdiel Corwin\"}','2015-06-05 08:23:39','2020-04-27 18:59:32'),(8,2,90,'https://dropbox.com/vk/15046.jpeg',746719,'{\"owner\": \"Christiana Nicolas\"}','2016-10-27 11:01:07','2017-02-10 15:19:50'),(9,1,63,'https://dropbox.com/vk/16062.jpeg',290679,'{\"owner\": \"Verna Roberts\"}','2017-09-15 00:32:44','2020-04-27 18:59:32'),(10,3,76,'https://dropbox.com/vk/26264.gif',203240,'{\"owner\": \"Evalyn O\'Connell\"}','2019-06-02 09:04:04','2020-04-27 18:59:32'),(11,3,68,'https://dropbox.com/vk/26918.jpeg',134163,'{\"owner\": \"Tobin Bartell\"}','2014-07-19 21:53:44','2020-04-27 18:59:32'),(12,2,5,'https://dropbox.com/vk/12719.avi',51095,'{\"owner\": \"Lorenz McGlynn\"}','2013-04-23 06:30:56','2016-04-08 22:28:37'),(13,3,77,'https://dropbox.com/vk/10633.avi',842985,'{\"owner\": \"Leone Feeney\"}','2018-10-29 08:42:48','2020-04-27 18:59:32'),(14,3,18,'https://dropbox.com/vk/23564.avi',51644,'{\"owner\": \"Elmo Armstrong\"}','2011-04-03 15:46:11','2012-05-30 19:20:10'),(15,1,40,'https://dropbox.com/vk/23080.mp4',719263,'{\"owner\": \"Camylle Wilkinson\"}','2016-03-10 15:05:53','2018-02-01 10:03:25'),(16,2,1,'https://dropbox.com/vk/27774.jpeg',431383,'{\"owner\": \"Elvie Kohler\"}','2017-01-16 04:21:28','2020-04-27 18:59:32'),(17,3,56,'https://dropbox.com/vk/29240.gif',989126,'{\"owner\": \"Caterina Murphy\"}','2015-07-03 15:37:36','2020-04-27 18:59:32'),(18,2,43,'https://dropbox.com/vk/29928.jpeg',641485,'{\"owner\": \"Pauline Botsford\"}','2017-01-10 00:51:33','2020-04-27 18:59:32'),(19,1,8,'https://dropbox.com/vk/28782.mp4',230044,'{\"owner\": \"Fredrick Goyette\"}','2017-12-15 22:37:27','2020-04-27 18:59:32'),(20,2,58,'https://dropbox.com/vk/11181.mp4',215765,'{\"owner\": \"River Beier\"}','2010-07-18 14:39:22','2019-11-11 18:28:15'),(21,1,30,'https://dropbox.com/vk/28381.jpeg',378696,'{\"owner\": \"Guadalupe Hyatt\"}','2011-10-12 19:47:42','2018-03-16 18:25:17'),(22,3,46,'https://dropbox.com/vk/15833.avi',236185,'{\"owner\": \"Krystel Gleason\"}','2012-11-28 03:19:08','2013-09-16 15:21:14'),(23,3,3,'https://dropbox.com/vk/27731.gif',34837,'{\"owner\": \"Ahmad Bayer\"}','2013-12-28 19:34:36','2020-04-27 18:59:32'),(24,1,34,'https://dropbox.com/vk/27016.jpeg',455630,'{\"owner\": \"Tate Willms\"}','2015-08-30 00:18:19','2020-04-27 18:59:32'),(25,2,10,'https://dropbox.com/vk/20698.mp4',163639,'{\"owner\": \"Shanel Wiegand\"}','2018-08-04 07:23:30','2020-04-27 18:59:32'),(26,1,85,'https://dropbox.com/vk/14930.gif',441307,'{\"owner\": \"Lance Bergnaum\"}','2014-02-05 17:46:04','2015-12-31 21:46:27'),(27,2,11,'https://dropbox.com/vk/22563.jpeg',705620,'{\"owner\": \"Kasey Gusikowski\"}','2012-12-28 17:21:16','2016-09-25 12:44:52'),(28,3,43,'https://dropbox.com/vk/23444.jpeg',194178,'{\"owner\": \"Pauline Botsford\"}','2015-02-20 19:46:43','2019-01-20 15:41:52'),(29,1,21,'https://dropbox.com/vk/26923.gif',844029,'{\"owner\": \"Shanelle Becker\"}','2011-03-27 21:47:31','2013-04-29 10:46:55'),(30,1,97,'https://dropbox.com/vk/25432.gif',627611,'{\"owner\": \"Tristin Rippin\"}','2013-01-06 03:35:54','2016-08-09 14:04:12'),(31,2,60,'https://dropbox.com/vk/20596.mp4',595968,'{\"owner\": \"Daniela Ledner\"}','2018-02-15 09:30:23','2018-10-29 06:14:47'),(32,2,62,'https://dropbox.com/vk/29365.avi',87011,'{\"owner\": \"Bridgette Watsica\"}','2013-09-18 12:10:15','2017-10-16 19:44:38'),(33,2,24,'https://dropbox.com/vk/19274.jpeg',637148,'{\"owner\": \"Sally Moore\"}','2016-12-05 02:46:50','2018-06-22 23:41:57'),(34,1,90,'https://dropbox.com/vk/23546.jpeg',914709,'{\"owner\": \"Christiana Nicolas\"}','2018-08-07 10:26:33','2020-04-27 18:59:32'),(35,2,85,'https://dropbox.com/vk/17981.mp4',652103,'{\"owner\": \"Lance Bergnaum\"}','2011-07-11 23:48:42','2018-09-21 08:48:59'),(36,3,96,'https://dropbox.com/vk/10727.mp4',506387,'{\"owner\": \"Kameron Osinski\"}','2017-05-21 05:23:18','2020-04-27 18:59:32'),(37,3,66,'https://dropbox.com/vk/23967.gif',565626,'{\"owner\": \"Rahul McCullough\"}','2019-10-25 12:22:58','2020-04-27 18:59:32'),(38,1,85,'https://dropbox.com/vk/15282.gif',298969,'{\"owner\": \"Lance Bergnaum\"}','2015-10-08 18:39:37','2020-04-27 18:59:32'),(39,3,22,'https://dropbox.com/vk/27052.mp4',787968,'{\"owner\": \"Lurline Kuvalis\"}','2012-08-25 09:40:34','2013-01-17 11:25:30'),(40,3,50,'https://dropbox.com/vk/19520.gif',32933,'{\"owner\": \"Emelie Rolfson\"}','2010-08-10 11:56:54','2017-03-06 00:57:05'),(41,1,51,'https://dropbox.com/vk/28339.mp4',790760,'{\"owner\": \"Walker Padberg\"}','2017-03-27 07:10:59','2018-09-07 18:30:19'),(42,2,20,'https://dropbox.com/vk/27051.gif',845004,'{\"owner\": \"Santa Pfannerstill\"}','2015-07-24 15:18:56','2018-07-15 20:56:20'),(43,1,8,'https://dropbox.com/vk/24504.avi',842739,'{\"owner\": \"Fredrick Goyette\"}','2018-10-04 14:20:04','2020-04-27 18:59:32'),(44,2,62,'https://dropbox.com/vk/20643.mp4',668685,'{\"owner\": \"Bridgette Watsica\"}','2014-05-16 20:21:47','2020-04-27 18:59:32'),(45,3,7,'https://dropbox.com/vk/24446.avi',805207,'{\"owner\": \"Ciara Champlin\"}','2014-01-02 19:12:41','2017-04-21 21:57:17'),(46,2,62,'https://dropbox.com/vk/12330.gif',1009983,'{\"owner\": \"Bridgette Watsica\"}','2018-10-24 15:26:19','2020-04-27 18:59:32'),(47,3,11,'https://dropbox.com/vk/17598.mp4',624295,'{\"owner\": \"Kasey Gusikowski\"}','2014-07-29 14:44:53','2017-10-28 08:44:42'),(48,2,40,'https://dropbox.com/vk/11692.jpeg',81523,'{\"owner\": \"Camylle Wilkinson\"}','2017-06-20 07:14:39','2017-07-25 08:22:24'),(49,2,59,'https://dropbox.com/vk/19766.mp4',524734,'{\"owner\": \"Vern Fritsch\"}','2017-09-01 04:20:32','2020-04-27 18:59:32'),(50,3,62,'https://dropbox.com/vk/24859.gif',369100,'{\"owner\": \"Bridgette Watsica\"}','2016-06-29 10:28:02','2017-05-11 05:55:36'),(51,2,40,'https://dropbox.com/vk/14738.jpeg',261299,'{\"owner\": \"Camylle Wilkinson\"}','2012-12-28 04:28:46','2020-04-27 18:59:32'),(52,2,96,'https://dropbox.com/vk/29075.jpeg',189197,'{\"owner\": \"Kameron Osinski\"}','2010-12-03 20:05:26','2012-02-22 01:48:36'),(53,3,52,'https://dropbox.com/vk/15517.gif',152087,'{\"owner\": \"Xavier Huel\"}','2016-10-03 05:58:11','2020-04-27 18:59:32'),(54,3,31,'https://dropbox.com/vk/12337.jpeg',182844,'{\"owner\": \"Obie Nikolaus\"}','2014-11-30 19:55:08','2014-12-01 07:31:00'),(55,2,11,'https://dropbox.com/vk/17609.avi',447961,'{\"owner\": \"Kasey Gusikowski\"}','2011-03-14 22:14:48','2012-10-23 20:39:37'),(56,3,25,'https://dropbox.com/vk/26526.avi',681273,'{\"owner\": \"Abel Morissette\"}','2011-05-12 22:48:34','2018-11-08 11:02:40'),(57,1,71,'https://dropbox.com/vk/17717.avi',52483,'{\"owner\": \"Catalina Schoen\"}','2016-08-05 22:59:24','2018-03-18 08:06:46'),(58,1,19,'https://dropbox.com/vk/17893.mp4',208595,'{\"owner\": \"Esteban Greenholt\"}','2018-07-31 21:04:52','2019-05-01 21:35:00'),(59,1,24,'https://dropbox.com/vk/17918.mp4',875529,'{\"owner\": \"Sally Moore\"}','2011-05-19 08:32:59','2019-03-31 22:39:58'),(60,3,69,'https://dropbox.com/vk/10908.gif',741859,'{\"owner\": \"Ernestina Kunze\"}','2017-10-02 22:07:51','2020-04-27 18:59:32'),(61,2,92,'https://dropbox.com/vk/25474.jpeg',72707,'{\"owner\": \"Randal Kub\"}','2015-05-06 06:22:09','2018-07-20 02:22:49'),(62,2,21,'https://dropbox.com/vk/13539.avi',127959,'{\"owner\": \"Shanelle Becker\"}','2012-09-03 19:47:27','2020-03-21 03:24:04'),(63,3,72,'https://dropbox.com/vk/10694.jpeg',411675,'{\"owner\": \"Harvey Gislason\"}','2015-02-10 18:35:31','2020-04-27 18:59:32'),(64,3,78,'https://dropbox.com/vk/14688.avi',664500,'{\"owner\": \"Benedict Morar\"}','2014-05-04 21:27:13','2016-05-09 12:24:52'),(65,3,31,'https://dropbox.com/vk/17187.jpeg',77473,'{\"owner\": \"Obie Nikolaus\"}','2014-06-22 05:52:13','2019-09-16 13:35:33'),(66,3,72,'https://dropbox.com/vk/11520.gif',383866,'{\"owner\": \"Harvey Gislason\"}','2019-08-13 02:29:13','2020-04-27 18:59:32'),(67,2,89,'https://dropbox.com/vk/25555.gif',676910,'{\"owner\": \"Arno Hermann\"}','2016-02-23 15:06:52','2020-04-27 18:59:32'),(68,1,39,'https://dropbox.com/vk/25134.avi',222955,'{\"owner\": \"Lisandro Ratke\"}','2012-11-28 10:31:13','2012-12-05 03:49:34'),(69,1,34,'https://dropbox.com/vk/12711.mp4',74046,'{\"owner\": \"Tate Willms\"}','2010-12-30 01:09:51','2013-03-21 14:04:55'),(70,3,88,'https://dropbox.com/vk/11320.gif',691363,'{\"owner\": \"Sabrina Zieme\"}','2017-10-18 09:23:34','2018-05-10 13:54:44'),(71,1,56,'https://dropbox.com/vk/18982.mp4',224678,'{\"owner\": \"Caterina Murphy\"}','2017-03-11 21:09:12','2019-12-03 12:28:21'),(72,3,75,'https://dropbox.com/vk/19013.mp4',39301,'{\"owner\": \"Vernice Homenick\"}','2019-02-19 21:07:19','2020-04-27 18:59:32'),(73,3,14,'https://dropbox.com/vk/21534.jpeg',512471,'{\"owner\": \"Remington Towne\"}','2013-04-12 00:52:13','2019-02-06 05:22:10'),(74,2,84,'https://dropbox.com/vk/13747.avi',434455,'{\"owner\": \"Domingo Weissnat\"}','2013-12-14 09:00:27','2020-04-27 18:59:32'),(75,1,75,'https://dropbox.com/vk/14893.avi',624863,'{\"owner\": \"Vernice Homenick\"}','2016-04-17 18:37:07','2020-04-27 18:59:32'),(76,3,62,'https://dropbox.com/vk/16966.avi',810951,'{\"owner\": \"Bridgette Watsica\"}','2018-06-24 03:33:39','2020-04-27 18:59:32'),(77,1,92,'https://dropbox.com/vk/15921.mp4',170164,'{\"owner\": \"Randal Kub\"}','2019-09-12 09:54:59','2020-04-27 18:59:32'),(78,1,94,'https://dropbox.com/vk/10909.avi',407969,'{\"owner\": \"Kaylee Breitenberg\"}','2017-07-23 08:32:43','2020-04-27 18:59:32'),(79,1,47,'https://dropbox.com/vk/12350.mp4',519355,'{\"owner\": \"Noelia Leuschke\"}','2013-04-05 08:52:15','2015-04-07 06:48:13'),(80,2,46,'https://dropbox.com/vk/16210.jpeg',362867,'{\"owner\": \"Krystel Gleason\"}','2014-06-21 21:47:41','2016-04-18 12:45:44'),(81,2,41,'https://dropbox.com/vk/18902.jpeg',246272,'{\"owner\": \"Clarabelle Gerlach\"}','2018-10-23 22:24:13','2020-04-27 18:59:32'),(82,2,54,'https://dropbox.com/vk/12174.jpeg',132757,'{\"owner\": \"Blair Bednar\"}','2011-11-19 10:17:34','2016-03-12 08:02:01'),(83,2,63,'https://dropbox.com/vk/14505.avi',914969,'{\"owner\": \"Verna Roberts\"}','2012-07-07 20:02:04','2016-03-02 18:54:07'),(84,1,96,'https://dropbox.com/vk/27428.mp4',166576,'{\"owner\": \"Kameron Osinski\"}','2015-02-18 09:57:25','2019-07-08 03:25:46'),(85,1,50,'https://dropbox.com/vk/22647.mp4',77974,'{\"owner\": \"Emelie Rolfson\"}','2015-05-12 19:01:25','2020-04-27 18:59:32'),(86,3,92,'https://dropbox.com/vk/29981.jpeg',880143,'{\"owner\": \"Randal Kub\"}','2019-05-10 11:31:47','2020-04-27 18:59:32'),(87,2,98,'https://dropbox.com/vk/29939.jpeg',156792,'{\"owner\": \"Morris Will\"}','2013-06-11 16:59:24','2018-12-15 16:45:12'),(88,1,24,'https://dropbox.com/vk/25548.avi',133533,'{\"owner\": \"Sally Moore\"}','2018-04-09 16:02:50','2020-04-27 18:59:32'),(89,2,64,'https://dropbox.com/vk/18512.jpeg',187289,'{\"owner\": \"Caroline Orn\"}','2019-06-09 00:00:58','2019-11-25 19:54:20'),(90,3,97,'https://dropbox.com/vk/27382.avi',525848,'{\"owner\": \"Tristin Rippin\"}','2017-05-18 20:11:08','2020-04-27 18:59:32'),(91,2,71,'https://dropbox.com/vk/20101.gif',57372,'{\"owner\": \"Catalina Schoen\"}','2012-12-02 02:44:19','2020-03-30 16:06:07'),(92,3,62,'https://dropbox.com/vk/25973.jpeg',699315,'{\"owner\": \"Bridgette Watsica\"}','2018-09-20 07:11:38','2020-04-27 18:59:32'),(93,1,38,'https://dropbox.com/vk/16776.gif',314461,'{\"owner\": \"Nicola Reichel\"}','2017-04-19 08:07:20','2020-04-27 18:59:32'),(94,1,57,'https://dropbox.com/vk/23231.jpeg',464362,'{\"owner\": \"Gene Lebsack\"}','2018-06-01 17:01:20','2020-04-27 18:59:32'),(95,2,40,'https://dropbox.com/vk/19627.avi',368427,'{\"owner\": \"Camylle Wilkinson\"}','2016-02-28 03:47:48','2020-04-27 18:59:32'),(96,3,47,'https://dropbox.com/vk/15649.avi',439051,'{\"owner\": \"Noelia Leuschke\"}','2014-09-09 18:53:19','2020-04-27 18:59:32'),(97,1,19,'https://dropbox.com/vk/23697.avi',79974,'{\"owner\": \"Esteban Greenholt\"}','2013-02-08 05:59:27','2017-10-13 01:06:49'),(98,2,41,'https://dropbox.com/vk/21187.gif',72717,'{\"owner\": \"Clarabelle Gerlach\"}','2019-05-30 00:17:51','2020-04-27 18:59:32'),(99,1,4,'https://dropbox.com/vk/22664.avi',113665,'{\"owner\": \"Emely Hammes\"}','2010-11-07 13:17:37','2016-03-21 06:06:36'),(100,2,1,'https://dropbox.com/vk/11029.mp4',340172,'{\"owner\": \"Elvie Kohler\"}','2018-04-18 02:30:56','2020-04-27 18:59:32');
/*!40000 ALTER TABLE `media` ENABLE KEYS */;
UNLOCK TABLES;

--
-- Table structure for table `media_types`
--

DROP TABLE IF EXISTS `media_types`;
/*!40101 SET @saved_cs_client     = @@character_set_client */;
/*!50503 SET character_set_client = utf8mb4 */;
CREATE TABLE `media_types` (
  `id` int unsigned NOT NULL AUTO_INCREMENT,
  `name` varchar(255) CHARACTER SET utf8 COLLATE utf8_unicode_ci NOT NULL,
  PRIMARY KEY (`id`),
  UNIQUE KEY `name` (`name`)
) ENGINE=InnoDB AUTO_INCREMENT=4 DEFAULT CHARSET=utf8 COLLATE=utf8_unicode_ci;
/*!40101 SET character_set_client = @saved_cs_client */;

--
-- Dumping data for table `media_types`
--

LOCK TABLES `media_types` WRITE;
/*!40000 ALTER TABLE `media_types` DISABLE KEYS */;
INSERT INTO `media_types` VALUES (3,'audio'),(1,'photo'),(2,'video');
/*!40000 ALTER TABLE `media_types` ENABLE KEYS */;
UNLOCK TABLES;

--
-- Table structure for table `messages`
--

DROP TABLE IF EXISTS `messages`;
/*!40101 SET @saved_cs_client     = @@character_set_client */;
/*!50503 SET character_set_client = utf8mb4 */;
CREATE TABLE `messages` (
  `id` int unsigned NOT NULL AUTO_INCREMENT,
  `from_user_id` int unsigned NOT NULL,
  `to_user_id` int unsigned NOT NULL,
  `communitie_id` int unsigned DEFAULT NULL,
  `body` text CHARACTER SET utf8 COLLATE utf8_unicode_ci NOT NULL,
  `is_important` tinyint(1) DEFAULT NULL,
  `is_delivered` tinyint(1) DEFAULT NULL,
  `created_at` datetime DEFAULT CURRENT_TIMESTAMP,
  PRIMARY KEY (`id`)
) ENGINE=InnoDB AUTO_INCREMENT=101 DEFAULT CHARSET=utf8 COLLATE=utf8_unicode_ci;
/*!40101 SET character_set_client = @saved_cs_client */;

--
-- Dumping data for table `messages`
--

LOCK TABLES `messages` WRITE;
/*!40000 ALTER TABLE `messages` DISABLE KEYS */;
INSERT INTO `messages` VALUES (1,90,72,1,'Voluptatem iste in sunt optio corporis. Cumque eaque qui eum vel non sit quia. In nostrum non quasi. Dolor repellat facere id enim ex numquam.',1,1,'2017-11-13 06:32:02'),(2,89,29,2,'Optio expedita assumenda voluptas sint et. Eveniet ullam rerum ipsam. Iusto dolor odio unde magnam. Adipisci sapiente consequatur non accusamus.',0,1,'2014-01-09 06:09:59'),(3,76,93,3,'Iure ad quaerat magni qui adipisci nihil reiciendis. Possimus enim occaecati sit non aspernatur assumenda. Et temporibus qui et fuga ea blanditiis quos.',0,0,'2013-12-10 17:44:30'),(4,38,8,4,'Eos fugiat aperiam praesentium iure at eum. Nihil quia quas in autem architecto sapiente omnis voluptatem. Quia officia sed quasi.',0,0,'2019-03-30 11:58:01'),(5,27,9,5,'Quis nihil molestias modi porro laborum et. Dolores maiores iure odio qui quos impedit sit. Sunt quia beatae nulla.',1,0,'2019-08-14 00:00:42'),(6,62,86,6,'Quam quas mollitia nisi ad aut. Labore quia sed ullam ab dolor optio. Voluptatum explicabo laboriosam nihil et tempore non quasi. Eos optio quia nisi aut quibusdam maxime libero.',1,1,'2016-11-15 07:49:56'),(7,43,55,7,'Minus error animi commodi et in. Molestiae corrupti repellendus voluptates velit quae quia ipsum. Quidem nesciunt in sapiente animi eveniet.',0,1,'2016-01-09 18:07:51'),(8,45,61,8,'Deserunt quis occaecati voluptatibus culpa. Optio voluptatem aut omnis numquam quia perferendis ratione. Voluptatum aut ab sit voluptatem.',0,0,'2011-08-07 07:26:23'),(9,70,66,9,'Qui dolore vel rerum repudiandae odit. Nobis aut amet aut hic pariatur ut aliquid. Et voluptatem autem nostrum debitis nesciunt. Temporibus expedita quis harum officia dolorum.',1,1,'2018-02-08 16:26:00'),(10,19,96,10,'Placeat ea ratione iure praesentium quis et. Et doloremque quia minima ut. Omnis modi delectus consequuntur voluptatem illo a necessitatibus.',1,1,'2017-11-09 15:06:23'),(11,24,30,11,'Non ut et et quis. Quae blanditiis sapiente dolorem optio reiciendis. Molestias rerum sit ducimus sed reprehenderit.',1,0,'2012-02-22 03:16:17'),(12,77,95,12,'Labore laudantium ut sit eum. Autem earum in commodi expedita provident. Quo totam sapiente necessitatibus quasi sapiente. Qui occaecati et necessitatibus cum quo.',1,0,'2014-12-20 15:54:39'),(13,45,40,13,'Et et consequatur enim ducimus officiis. Eveniet dolorem blanditiis sint reiciendis voluptatibus maxime. Ut rerum nulla et harum nulla.',1,0,'2018-02-21 22:41:20'),(14,61,88,14,'Et aut quaerat cupiditate vel voluptatem odio. Aperiam occaecati eaque tempora commodi. Sit autem recusandae doloribus alias. Sunt neque nisi architecto vel.',1,0,'2019-02-11 18:23:23'),(15,56,14,15,'Quidem eveniet molestiae magni et facere rerum esse. Aperiam ducimus libero ipsam voluptatem. Enim officia et praesentium voluptatem tempora earum cupiditate.',0,1,'2014-01-27 01:01:42'),(16,3,71,16,'Qui ut corporis magnam inventore. Quod voluptate illum doloremque est eos aut. Ipsam eius mollitia voluptatem nemo corrupti quo eligendi qui.',0,0,'2012-02-17 00:44:18'),(17,48,26,17,'Eius tenetur mollitia quasi. Quia dignissimos enim unde distinctio at aliquam ut. Natus tempore voluptatem ut dolores consequatur.',1,0,'2013-04-02 20:58:07'),(18,87,53,18,'Sapiente odio asperiores ducimus earum hic. Et vitae ut iusto sit. Doloribus enim et qui aut quasi eveniet quia.',0,0,'2019-07-27 07:41:32'),(19,6,70,19,'Quos accusamus cupiditate voluptates quis odio laborum quas. Quo tenetur aspernatur assumenda a. Eius sint a impedit nesciunt enim incidunt itaque. Velit rem sint maxime.',1,1,'2012-12-24 11:07:20'),(20,30,42,20,'Quibusdam perspiciatis quidem tempora laboriosam. Doloremque corporis molestiae expedita maxime incidunt eveniet aut. Nostrum non ab quis quo et qui et.',1,0,'2017-12-09 02:01:15'),(21,17,58,21,'Recusandae tenetur optio cum accusamus ab voluptas veniam. Sequi dolorem sit animi ad eligendi quia. Enim sit magni illo voluptatem.',1,0,'2019-02-11 09:47:16'),(22,41,29,22,'Repellat dolorem repellendus adipisci laboriosam non. A reiciendis voluptas qui veniam consectetur est.',0,0,'2017-10-28 16:54:44'),(23,23,28,23,'Similique qui fugiat ea doloremque. Et architecto temporibus iusto soluta mollitia reprehenderit. Aut accusantium maiores ut sed non. Est asperiores similique dicta pariatur quo dolorem maxime et.',1,0,'2016-05-02 14:38:53'),(24,71,69,24,'Omnis praesentium rerum iste rerum. Voluptate veniam nemo officiis rem dolores dolorem dolores sunt. Repellendus quis incidunt dignissimos nihil ut esse.',0,0,'2019-01-29 10:06:26'),(25,31,46,25,'Nemo eum aut deserunt neque. Dolores nulla at voluptas. Dignissimos sint adipisci aut quis eligendi et blanditiis fuga. In possimus a et dolor.',0,0,'2018-11-06 07:57:28'),(26,38,53,26,'Aut eveniet aliquid id quidem. Repudiandae suscipit voluptas nihil eligendi similique. Unde ipsa est iusto. Et sed quam repellendus qui quas cum maiores.',0,1,'2014-01-12 00:05:27'),(27,48,81,27,'Quod eveniet esse quasi laborum. Ut non commodi ipsa praesentium excepturi. Est ea inventore explicabo non est eaque provident. Est natus sit esse illo vel.',1,1,'2014-01-30 11:08:53'),(28,59,55,28,'Sequi qui libero molestias qui expedita tempora. Et qui nobis ut repellendus corporis similique. Qui sequi corporis minima. Sit consectetur rerum et modi est. Assumenda possimus quis ut et.',1,1,'2019-05-01 06:17:40'),(29,95,12,29,'Qui ea a sit quis. Atque omnis dolor laborum adipisci corrupti. Eos nulla voluptatem quia sapiente inventore totam. Dolorum non voluptatem debitis odio officiis modi.',1,0,'2016-05-03 19:51:24'),(30,74,34,30,'In adipisci quae aut non dolor quia. Nostrum tempora modi laudantium omnis natus. Mollitia commodi officiis voluptatum ab debitis.',0,1,'2019-09-09 03:28:35'),(31,47,33,31,'Nihil rerum in voluptatem enim. Temporibus sit voluptates molestiae. Dicta nihil eaque at.',1,1,'2012-03-26 01:08:01'),(32,24,18,32,'Nisi quam omnis nobis beatae voluptatem cum repudiandae. Distinctio magni est et omnis enim. Alias ea distinctio ex doloribus occaecati. Sunt at voluptas ullam.',0,1,'2011-11-28 05:12:08'),(33,18,37,33,'In hic architecto esse sint perferendis sunt. Enim officia quibusdam laborum labore. Sit omnis qui possimus est dolore qui numquam. Ad sapiente dolorem voluptatum ducimus illum eos.',0,0,'2019-05-11 15:25:01'),(34,28,30,34,'Culpa deleniti cumque reiciendis nemo qui earum. In sapiente eum ab. Enim eius dolor corporis veniam.',0,0,'2019-10-16 23:54:20'),(35,64,32,35,'Beatae expedita ipsam illo quisquam ut qui numquam. Adipisci et in perferendis et reiciendis. Ea aut modi harum animi deleniti tempore.',0,1,'2015-08-15 21:56:09'),(36,64,27,36,'Sint inventore quo ut non tempora. Quis amet officiis repellat eligendi quas enim ea magni. Et ut veritatis et. Nostrum magnam deserunt molestiae illum maxime.',0,1,'2012-10-16 22:32:58'),(37,41,22,37,'Eaque saepe vero optio. Eum sapiente provident ipsam temporibus voluptatem iste. Amet neque dignissimos molestiae cumque in et. Nemo soluta est eligendi consequatur.',0,1,'2010-06-12 14:06:35'),(38,87,71,38,'Perferendis tempora iure incidunt iste voluptatem natus. Possimus non laudantium laboriosam minima esse maxime. Rerum quo vero sit quo voluptatem dicta.',0,1,'2020-01-03 12:48:56'),(39,92,46,39,'Est nisi sit quam eveniet soluta aliquid. Neque ut eveniet in vitae molestias. Eos dolorem aliquid qui. Totam ex non ex inventore consequatur id est.',1,0,'2013-11-20 16:25:50'),(40,55,35,40,'Facilis excepturi praesentium sed sapiente laudantium aut rerum. Aut et non officiis at soluta et.',0,1,'2018-05-14 20:56:39'),(41,10,47,41,'Et neque soluta magni est sint nam. Et odit itaque laboriosam officia aut ut. Alias cupiditate inventore nihil rerum. Veritatis expedita accusamus et fugit ut consequatur.',1,1,'2010-07-06 09:58:37'),(42,1,64,42,'Ut quae est accusantium non qui neque asperiores quia. Placeat culpa cumque eum est deserunt excepturi quo. Odit nulla fugiat quia quo nam est voluptate. Error ad aut accusantium alias aut.',0,0,'2011-03-17 05:32:13'),(43,17,93,43,'Sapiente unde repudiandae libero hic exercitationem exercitationem. Voluptatem nulla ad quae vero et tenetur corporis.',0,1,'2017-10-22 05:52:47'),(44,12,83,44,'Sunt vel ut ex et ut velit. Aut aliquid a ex perspiciatis. Et qui nihil mollitia ut fuga aut.',1,1,'2019-07-30 20:24:09'),(45,76,31,45,'Cum perferendis voluptas ut expedita et qui similique. Vitae pariatur fugiat laudantium distinctio. Quaerat vitae non quia tempore. Porro recusandae sit illum est quaerat repellat.',0,1,'2018-10-01 01:47:57'),(46,27,41,46,'Ut modi iure saepe quod. Inventore odit eaque deleniti quis distinctio similique. Consectetur molestias ut qui iusto et minus autem cum. Deleniti at vitae ipsum.',1,1,'2018-02-02 22:14:30'),(47,25,99,47,'Exercitationem earum repudiandae sed architecto ipsum. Autem beatae vel ex aliquid error expedita. Quibusdam autem vero similique rerum aliquid vel eveniet.',1,1,'2010-07-22 01:02:32'),(48,21,7,48,'Et tempora doloremque ipsum. Vitae esse dolores qui consequatur. Aut velit est mollitia natus qui dolor sunt.',0,1,'2018-04-18 01:44:26'),(49,72,39,49,'Quae debitis quos rerum aut. Qui nostrum dolore eos in non voluptas est qui. Corrupti recusandae numquam amet incidunt quibusdam. Et eligendi voluptas eum aliquam recusandae.',1,1,'2012-06-07 06:15:38'),(50,78,74,50,'Explicabo accusantium aliquam cum nulla. Odio minus nemo vero iure. Delectus qui voluptate nihil quia nihil non at.',0,0,'2020-03-29 21:49:50'),(51,35,52,51,'Quaerat quidem veritatis aut delectus ut consequuntur ut. Magni quia qui labore placeat sint. Perspiciatis aut vitae veniam qui perspiciatis a. Minus voluptatem totam quibusdam nihil ex.',0,0,'2012-05-28 12:39:54'),(52,56,24,52,'Sequi itaque incidunt reiciendis officiis veniam minima. Ad sed rem expedita blanditiis. Aperiam voluptatum voluptatem enim et eum.',1,0,'2015-04-22 20:52:55'),(53,52,86,53,'Optio in magnam ut tenetur consequatur facilis. Ex dolores iure sunt quia dolore aut nulla. Voluptatem est sint deleniti quasi. Aut enim molestiae aut aperiam ab necessitatibus sapiente.',0,0,'2019-07-18 11:24:17'),(54,76,20,54,'Quas eum exercitationem molestiae facere odit quasi. Est molestias sunt laudantium dolores. Rem voluptas aspernatur enim quo cumque repellendus facilis. Nostrum totam et repellendus libero sunt et.',0,0,'2011-11-03 00:41:49'),(55,70,91,55,'Incidunt ut repudiandae necessitatibus eos odit autem illo. Quia sint ut sapiente quo ad. Voluptatem temporibus est id occaecati.',1,0,'2014-01-08 08:02:51'),(56,42,38,56,'Earum et sed deleniti deserunt. Ex repudiandae repellat perferendis error explicabo sit quasi. In earum dolores assumenda odit dolor.',1,1,'2017-11-12 06:05:57'),(57,65,8,57,'Quis eaque facilis ut nihil ipsum ex. Laborum ipsa et aperiam deleniti beatae. Asperiores quis ipsum tenetur vitae aut. Delectus odio provident qui eligendi quidem.',0,0,'2014-06-24 18:00:41'),(58,47,8,58,'Eius ipsam omnis veritatis aliquam et recusandae qui. Est temporibus aut quidem corrupti quo. Eum repudiandae tempore ut nihil. Possimus rerum commodi et suscipit id dolorum vitae.',0,1,'2015-12-20 03:33:15'),(59,1,78,59,'Expedita voluptatem consequatur voluptatem sapiente cupiditate fugiat eos. Et sequi temporibus ad qui. Aliquid expedita facilis numquam accusantium.',0,1,'2011-09-23 12:00:07'),(60,88,5,60,'Rerum sequi doloribus tempore est distinctio. Itaque et voluptatem at non. Accusamus laborum fugiat blanditiis esse libero dolor quia similique. Ut possimus sint aliquid omnis dolor repudiandae.',0,1,'2018-08-07 19:29:11'),(61,60,84,61,'Neque aut qui quia illo quas provident ea. Quo architecto ab quae. Nihil pariatur voluptas beatae nihil dolorem. Nesciunt sunt autem vel nesciunt.',1,0,'2014-06-05 21:39:57'),(62,41,52,62,'Consequuntur praesentium eum ipsa occaecati. Tempore dolorem aut iure repellat nesciunt esse ut. Omnis minus quibusdam aut ut suscipit. Ipsam ex est et rerum.',1,1,'2015-10-31 18:24:23'),(63,38,32,63,'Vel architecto vel eligendi ducimus eum fugiat nesciunt. Voluptates quia iusto aut et ducimus. Enim nisi reprehenderit modi ex et. Possimus et rem exercitationem deserunt quia eum ullam.',0,0,'2012-08-09 07:45:06'),(64,45,27,64,'Qui commodi dolorum sint qui. Atque magni nihil pariatur eius ut vel voluptatem minima. Voluptatem ab qui natus qui quaerat. Nulla autem officiis molestias.',0,0,'2014-05-07 02:39:51'),(65,3,32,65,'Perferendis est omnis ut inventore architecto quia molestiae. Ad occaecati sunt et qui. Et nihil velit esse sint inventore officiis. Recusandae ipsa quo itaque accusantium. Atque sed veniam rerum.',1,1,'2014-07-06 08:48:09'),(66,50,52,66,'Aspernatur modi qui repellat fugit voluptas at facere. Provident rerum molestiae numquam eos sit est. Reprehenderit dolorum repellendus est.',1,0,'2014-07-21 18:44:34'),(67,13,7,67,'Impedit accusantium et eum magnam eos. Natus eum consequatur quia voluptatem voluptatem qui quis ducimus.',0,0,'2014-12-23 05:07:35'),(68,94,50,68,'Labore fugit quasi eligendi quo. Sint odio et non laboriosam. Odit necessitatibus voluptas et eum.',1,0,'2018-07-30 01:59:30'),(69,68,90,69,'Excepturi odit enim consequatur qui. Aliquid sunt aut nesciunt voluptate et quas modi nostrum. At est aspernatur possimus blanditiis. Ratione cumque aut ut animi eum animi et hic.',0,1,'2018-12-14 01:45:17'),(70,47,62,70,'Eveniet laudantium aliquam consequatur eos nobis. Ipsa in qui aut voluptatum voluptatem. Quia maiores delectus illum nemo consectetur dolorem error. Sed et maiores explicabo culpa.',1,1,'2017-07-01 23:28:15'),(71,71,66,71,'Non reprehenderit ad recusandae eum aut nemo praesentium. Nulla excepturi et et. Ea temporibus ullam qui saepe illum ut quas.',0,0,'2016-05-22 22:53:55'),(72,17,87,72,'Qui officiis dolorem et cum. Rem omnis est rerum necessitatibus dignissimos autem. Quod omnis nesciunt omnis qui molestiae voluptatibus.',0,1,'2017-01-28 10:12:48'),(73,84,57,73,'Aut distinctio perspiciatis dolore maxime sit. Eum ut nam vel temporibus inventore dolorem. Molestiae facilis praesentium tempore.',0,0,'2014-07-08 15:38:20'),(74,34,98,74,'Quod molestias commodi et vero. Quis nostrum hic nihil consequatur. Eos cupiditate exercitationem voluptas qui. Voluptatibus totam fugiat qui similique facere voluptates ipsum.',0,0,'2013-07-16 15:47:35'),(75,86,36,75,'Nesciunt rem officiis fugit libero laboriosam necessitatibus. Vel incidunt qui eos. Necessitatibus necessitatibus incidunt at occaecati numquam rem.',0,1,'2018-08-27 08:14:20'),(76,23,5,76,'Iure dolorum consequuntur deleniti possimus molestiae iusto. Ut molestiae cum cumque autem et. Est nobis magnam autem quibusdam reiciendis. Voluptatibus est occaecati fugiat est.',1,1,'2011-07-10 10:59:00'),(77,58,73,77,'Pariatur iure eum sed. Minus ut aut dolorem id excepturi possimus. Modi vitae delectus assumenda est et omnis.',1,0,'2014-11-12 04:54:45'),(78,90,30,78,'Est qui voluptatem vel aut sed. Necessitatibus ut aut tempore. Ex veniam iure quis ut quod eos. Error qui ducimus sequi eum incidunt fugiat.',0,0,'2013-06-17 16:24:30'),(79,80,9,79,'Sit esse impedit impedit. Ut ut doloribus voluptatibus minus alias est. Eum autem sint qui debitis officiis. Voluptatibus earum nisi animi ex fugit consequatur minima.',1,0,'2013-07-02 16:56:48'),(80,7,6,80,'Assumenda earum natus impedit quia dolore. Eos saepe ipsum deserunt. Reiciendis voluptatum velit voluptatum quia est sit tenetur.',0,1,'2012-05-25 10:52:36'),(81,7,17,81,'Et laudantium soluta et id iusto. Consequatur inventore in consectetur nisi.\nEst culpa ea quo a asperiores. Molestiae aut qui omnis error. Quaerat quo saepe et aperiam.',1,0,'2016-11-25 15:58:31'),(82,62,60,82,'Vitae expedita dolor et fugit. Tenetur dolorem consequatur qui earum.',1,1,'2011-01-12 03:14:19'),(83,11,78,83,'Ut error quibusdam tenetur eius. Nisi fugit dolores atque beatae. Dolores maiores quo et. Nemo quo quis ad eveniet.',1,1,'2014-05-05 06:52:03'),(84,56,44,84,'Et magnam dolorem impedit sed sapiente cum. Excepturi eius eaque et explicabo quo. Consectetur nam dolores et consectetur voluptatibus quisquam saepe. Iure ipsa laborum totam perspiciatis quod et.',1,0,'2011-03-09 05:45:35'),(85,51,25,85,'Numquam nemo rerum eligendi fuga sed ea et qui. Occaecati quidem rerum quo odit in magnam architecto. Similique temporibus exercitationem eos quisquam nemo officiis.',1,0,'2013-08-29 09:18:30'),(86,72,84,86,'Aut ad sit quia sunt. Quis minima ad qui assumenda quas. Possimus consequatur inventore et qui. Nobis doloremque asperiores vero deleniti sed corrupti est.',1,1,'2014-12-21 07:13:03'),(87,5,72,87,'Dicta deserunt a et est aut. Dignissimos ut iure quo dolorem inventore qui dolor. Numquam ad non earum odit eum fuga temporibus. Quis itaque dolor voluptas doloremque optio et ut rerum.',1,1,'2011-12-28 00:17:23'),(88,43,100,88,'Expedita magnam nesciunt accusamus sunt et. Cupiditate eaque sint molestias et officiis et. Dolores est doloremque voluptatibus mollitia perferendis.',0,1,'2019-05-02 03:53:36'),(89,70,48,89,'Quis corporis aut sed delectus. Et et eveniet quasi nihil qui. Unde odio sit sint provident. Consequatur nobis cupiditate quia molestiae.',0,0,'2019-08-07 12:03:50'),(90,29,1,90,'Sed delectus totam aperiam consequuntur. Rem velit aut fugit provident natus sunt. Voluptas aut doloremque eaque iusto sequi.',1,1,'2015-11-21 21:24:34'),(91,17,84,91,'Velit aspernatur non accusantium illum sunt quae in. Dolorem dolores assumenda qui non accusamus consequuntur.',0,0,'2011-07-18 23:43:05'),(92,68,87,92,'At deserunt quia animi velit pariatur. Ex sapiente delectus aut. Nam rem et consequuntur iusto labore eum.',1,0,'2017-01-27 12:34:51'),(93,31,91,93,'Ratione sit facilis quia laudantium optio eaque officiis. Fuga nihil voluptas molestiae. Repellendus sint laudantium excepturi corrupti. Illo nihil eos rerum enim aut facere vitae.',1,0,'2014-03-03 23:55:54'),(94,64,44,94,'Nisi cumque et dignissimos placeat eum. Dolor quo commodi autem tempora dicta ea incidunt. Saepe ut magnam illo ex esse. Voluptas ullam ratione molestias ipsa omnis consequatur eaque.',0,1,'2017-12-06 05:09:15'),(95,30,18,95,'Quis tempora et dolorem cumque quo eos quisquam. Rem labore et ut in similique magni. Perspiciatis temporibus autem voluptatibus molestiae ipsa reiciendis. Molestiae maiores quis maiores quo vitae.',0,1,'2011-02-09 20:34:43'),(96,100,43,96,'Nihil repudiandae incidunt vitae est. Vel repellat in modi rerum. Esse ipsam est dolorem ducimus voluptatibus dolor. Qui rem qui necessitatibus libero ducimus cum ullam.',0,0,'2012-10-27 15:48:03'),(97,14,41,97,'Aut dolores fugiat voluptatum ratione enim. Excepturi fuga et dicta voluptatem atque quia. Quasi repellendus laborum necessitatibus magni est. Totam blanditiis aut repellat.',0,1,'2012-11-26 01:42:00'),(98,61,83,98,'Velit nulla nesciunt in nihil cupiditate. Alias at dolor dolorum excepturi nihil voluptatem exercitationem perspiciatis. Velit quia qui repudiandae animi quasi.',1,1,'2010-09-17 20:38:50'),(99,32,8,99,'Id et error quae eum quia. Beatae voluptate sit repudiandae dolorum. Natus exercitationem sed atque occaecati.',0,0,'2014-07-12 01:22:37'),(100,47,9,100,'Aspernatur delectus vel soluta. Praesentium delectus adipisci iste eaque magni blanditiis architecto.',1,0,'2020-01-05 00:55:21');
/*!40000 ALTER TABLE `messages` ENABLE KEYS */;
UNLOCK TABLES;

--
-- Table structure for table `profiles`
--

DROP TABLE IF EXISTS `profiles`;
/*!40101 SET @saved_cs_client     = @@character_set_client */;
/*!50503 SET character_set_client = utf8mb4 */;
CREATE TABLE `profiles` (
  `user_id` int unsigned NOT NULL,
  `gender` char(1) CHARACTER SET utf8 COLLATE utf8_unicode_ci DEFAULT NULL,
  `birthday` date DEFAULT NULL,
  `city` varchar(100) CHARACTER SET utf8 COLLATE utf8_unicode_ci DEFAULT NULL,
  `country` varchar(100) CHARACTER SET utf8 COLLATE utf8_unicode_ci DEFAULT NULL,
  `photo_id` int unsigned DEFAULT NULL,
  `created_at` datetime DEFAULT CURRENT_TIMESTAMP,
  `updated_at` datetime DEFAULT CURRENT_TIMESTAMP ON UPDATE CURRENT_TIMESTAMP,
  PRIMARY KEY (`user_id`)
) ENGINE=InnoDB DEFAULT CHARSET=utf8 COLLATE=utf8_unicode_ci;
/*!40101 SET character_set_client = @saved_cs_client */;

--
-- Dumping data for table `profiles`
--

LOCK TABLES `profiles` WRITE;
/*!40000 ALTER TABLE `profiles` DISABLE KEYS */;
INSERT INTO `profiles` VALUES (1,'M','1997-05-26','Thadport','Mauritius',36,'2016-11-25 06:00:28','2020-04-27 17:44:22'),(2,'F','1977-10-17','Rowehaven','Canada',64,'2016-01-24 23:07:10','2020-04-27 17:44:22'),(3,'F','2017-03-21','Todmouth','Guernsey',55,'2010-12-07 14:18:18','2020-04-27 17:44:22'),(4,'M','2012-09-02','Toyport','Sweden',11,'2010-09-04 20:29:57','2020-04-27 17:44:22'),(5,'M','2007-11-26','Collinsburgh','Togo',35,'2015-09-01 03:22:05','2020-04-27 17:44:22'),(6,'M','2016-10-28','New Deangelofort','Iraq',24,'2014-12-05 14:02:25','2020-04-27 17:44:22'),(7,'F','1981-11-28','Konopelskiview','Dominican Republic',24,'2020-04-10 22:24:56','2020-04-27 17:44:22'),(8,'F','1972-05-21','Port Jena','Ecuador',51,'2016-05-20 01:58:13','2020-04-27 17:44:22'),(9,'F','1978-09-08','Lake Louveniachester','Netherlands Antilles',21,'2017-07-20 13:32:03','2020-04-27 17:44:22'),(10,'F','2016-09-23','New Ramona','Pakistan',66,'2017-04-16 12:06:26','2020-04-27 17:44:22'),(11,'M','1970-01-02','Narcisostad','Chile',69,'2018-12-29 15:12:52','2020-04-27 17:44:22'),(12,'M','2003-02-20','South Shakira','Puerto Rico',18,'2018-09-15 20:29:42','2020-04-27 17:44:22'),(13,'F','1990-12-06','Batzmouth','Brazil',17,'2013-09-13 16:54:19','2020-04-27 17:44:22'),(14,'F','1988-04-27','Marquiseland','Ethiopia',24,'2013-06-17 15:09:52','2020-04-27 17:44:22'),(15,'M','1996-02-03','Colliertown','Kazakhstan',69,'2015-07-24 09:22:14','2020-04-27 17:44:22'),(16,'M','1994-08-10','East Maida','Mali',84,'2011-10-25 22:31:48','2020-04-27 17:44:22'),(17,'M','1990-12-11','East Adalineland','Cyprus',90,'2013-07-25 03:48:56','2020-04-27 17:44:22'),(18,'M','2005-03-19','Dallastown','Mexico',54,'2016-07-27 09:41:14','2020-04-27 17:44:22'),(19,'F','1971-05-26','Eliasbury','Ecuador',57,'2010-06-07 21:05:55','2020-04-27 17:44:22'),(20,'F','1996-07-09','Anitaside','Madagascar',63,'2010-05-12 12:12:11','2020-04-27 17:44:22'),(21,'F','1979-10-03','New Anikabury','Paraguay',76,'2013-01-30 15:59:44','2020-04-27 17:44:22'),(22,'F','2002-07-01','Hansenton','Sao Tome and Principe',3,'2013-05-14 06:07:22','2020-04-27 17:44:22'),(23,'M','2015-11-07','North Queen','Latvia',97,'2014-12-11 14:29:28','2020-04-27 17:44:22'),(24,'M','1980-08-24','Schmelerland','United States of America',80,'2017-12-08 13:38:05','2020-04-27 17:44:22'),(25,'M','2014-09-05','Jeremyhaven','Aruba',13,'2012-03-14 17:19:56','2020-04-27 17:44:22'),(26,'F','1990-01-13','Mariliehaven','United Arab Emirates',34,'2017-05-15 15:09:28','2020-04-27 17:44:22'),(27,'F','2000-12-05','Carolineport','Mongolia',36,'2018-05-21 09:12:39','2020-04-27 17:44:22'),(28,'M','1983-07-20','South Vernershire','Uganda',46,'2011-11-02 18:19:08','2020-04-27 17:44:22'),(29,'F','2007-11-02','New Hettie','El Salvador',97,'2012-08-13 08:11:41','2020-04-27 17:44:22'),(30,'M','1977-04-04','Lake Kristin','Jamaica',69,'2014-06-04 02:49:46','2020-04-27 17:44:22'),(31,'F','2004-11-27','Lafayetteborough','Guatemala',47,'2011-09-15 16:58:34','2020-04-27 17:44:22'),(32,'F','1973-06-01','Thomaschester','Jordan',82,'2011-05-31 00:46:17','2020-04-27 17:44:22'),(33,'F','1989-05-05','Emanuelfurt','Peru',66,'2018-09-11 07:00:05','2020-04-27 17:44:22'),(34,'M','2020-02-25','South Markport','Northern Mariana Islands',66,'2016-08-11 00:33:16','2020-04-27 17:44:22'),(35,'M','1995-05-18','McDermottville','Turkmenistan',45,'2018-04-01 06:27:33','2020-04-27 17:44:22'),(36,'M','1997-02-25','Rathfort','Congo',98,'2016-10-15 11:47:51','2020-04-27 17:44:22'),(37,'F','1971-06-03','Selmerfort','Suriname',72,'2012-04-24 22:07:47','2020-04-27 17:44:22'),(38,'F','2010-09-19','Kutchport','Hungary',49,'2011-01-18 08:50:26','2020-04-27 17:44:22'),(39,'M','2007-01-31','East Ari','American Samoa',54,'2010-06-14 04:56:38','2020-04-27 17:44:22'),(40,'F','1986-09-19','Framistad','Argentina',21,'2014-10-17 15:26:50','2020-04-27 17:44:22'),(41,'F','2006-07-30','South Trentbury','Nigeria',48,'2013-03-19 17:25:17','2020-04-27 17:44:22'),(42,'M','2000-09-02','Connview','Eritrea',41,'2013-05-24 07:36:52','2020-04-27 17:44:22'),(43,'F','1996-10-09','Ottoport','Cayman Islands',20,'2018-05-10 22:54:29','2020-04-27 17:44:22'),(44,'F','1991-07-20','East Kyra','Svalbard & Jan Mayen Islands',49,'2015-05-16 03:00:53','2020-04-27 17:44:22'),(45,'M','2001-08-13','New Carmel','Suriname',48,'2011-01-11 03:35:59','2020-04-27 17:44:22'),(46,'M','2004-07-28','Robinview','Portugal',85,'2010-09-23 15:45:47','2020-04-27 17:44:22'),(47,'F','1987-09-11','Ramonaburgh','Timor-Leste',70,'2011-10-09 18:22:31','2020-04-27 17:44:22'),(48,'F','2011-09-22','Eichmannstad','Germany',65,'2011-05-08 01:37:12','2020-04-27 17:44:22'),(49,'M','1994-07-04','Quigleychester','United Arab Emirates',31,'2013-01-27 22:04:29','2020-04-27 17:44:22'),(50,'F','2014-09-19','Heaneyville','Reunion',20,'2016-07-17 20:32:47','2020-04-27 17:44:22'),(51,'M','1992-08-08','Lake Brenna','Taiwan',46,'2010-11-16 18:23:29','2020-04-27 17:44:22'),(52,'M','2019-07-11','Ritchiehaven','Djibouti',36,'2019-03-11 04:18:52','2020-04-27 17:44:22'),(53,'M','2017-05-28','Theresiafurt','Cayman Islands',79,'2017-10-29 23:56:11','2020-04-27 17:44:22'),(54,'F','1998-03-03','Violetteview','Lesotho',67,'2011-09-18 06:07:47','2020-04-27 17:44:22'),(55,'M','1974-12-05','Jaedenside','Nepal',66,'2013-09-10 12:46:15','2020-04-27 17:44:22'),(56,'M','2011-02-04','Marianochester','Belarus',84,'2016-09-20 17:51:59','2020-04-27 17:44:22'),(57,'M','2014-06-30','Kirlinburgh','Myanmar',95,'2013-01-31 12:14:22','2020-04-27 17:44:22'),(58,'F','1996-02-29','Lake Lilianafort','Iceland',66,'2015-05-21 18:24:40','2020-04-27 17:44:22'),(59,'F','2007-04-03','South Travisshire','British Virgin Islands',70,'2016-04-22 18:42:23','2020-04-27 17:44:22'),(60,'F','1994-09-12','East Dulceshire','Cuba',11,'2012-10-30 23:45:40','2020-04-27 17:44:22'),(61,'F','2019-01-05','Kiehnmouth','Senegal',52,'2019-03-08 13:15:06','2020-04-27 17:44:22'),(62,'F','2009-01-21','Lunaton','Kenya',32,'2011-11-30 07:37:55','2020-04-27 17:44:22'),(63,'F','2000-11-03','Emmettfort','Yemen',62,'2019-03-02 03:40:59','2020-04-27 17:44:22'),(64,'F','2002-04-19','Americoburgh','Dominica',64,'2011-09-02 23:11:13','2020-04-27 17:44:22'),(65,'F','2010-01-30','Lacyville','Malaysia',69,'2016-07-28 07:38:29','2020-04-27 17:44:22'),(66,'M','1972-10-26','Beattyland','Bermuda',87,'2010-12-06 19:15:04','2020-04-27 17:44:22'),(67,'F','2000-06-19','West Stanley','Latvia',19,'2017-04-11 13:49:45','2020-04-27 17:44:22'),(68,'F','2006-07-10','Lake Andreburgh','South Africa',44,'2011-03-22 12:22:29','2020-04-27 17:44:22'),(69,'F','2016-12-27','East Carterfort','Chad',63,'2014-12-19 01:02:29','2020-04-27 17:44:22'),(70,'M','1980-05-04','Lemkeberg','Jersey',46,'2013-04-27 21:35:14','2020-04-27 17:44:22'),(71,'F','2008-10-12','Mercedesfort','Greece',59,'2018-02-14 12:17:12','2020-04-27 17:44:22'),(72,'F','2007-11-24','West Lexieberg','Nigeria',13,'2019-10-09 04:00:27','2020-04-27 17:44:22'),(73,'F','1971-05-16','Kuhicport','Bulgaria',96,'2012-08-04 21:50:48','2020-04-27 17:44:22'),(74,'M','2013-09-27','South Aiden','Martinique',23,'2018-12-07 00:10:36','2020-04-27 17:44:22'),(75,'F','2013-08-21','Ileneborough','Algeria',5,'2014-04-07 05:26:50','2020-04-27 17:44:22'),(76,'M','2011-06-13','Wintheiserberg','Svalbard & Jan Mayen Islands',40,'2010-08-12 02:02:46','2020-04-27 17:44:22'),(77,'M','2016-05-18','Camrynberg','Turks and Caicos Islands',89,'2014-11-26 09:09:06','2020-04-27 17:44:22'),(78,'M','2003-12-27','Port Jeffereystad','Central African Republic',16,'2012-03-05 21:28:09','2020-04-27 17:44:22'),(79,'M','1972-09-10','Nigelland','Antigua and Barbuda',16,'2015-07-10 18:48:25','2020-04-27 17:44:22'),(80,'M','1994-07-09','East Siennafurt','Niger',37,'2020-01-01 15:19:42','2020-04-27 17:44:22'),(81,'M','2004-07-25','South Dandreton','Mayotte',38,'2012-01-30 12:12:02','2020-04-27 17:44:22'),(82,'F','1991-09-30','South Ashlynn','Nauru',88,'2011-12-29 00:37:42','2020-04-27 17:44:22'),(83,'M','2006-03-03','South Kaleb','Palau',56,'2019-04-14 09:53:41','2020-04-27 17:44:22'),(84,'F','2008-11-16','Lefflerport','Liberia',84,'2017-03-19 07:23:04','2020-04-27 17:44:22'),(85,'M','1980-03-12','East Evemouth','Philippines',41,'2015-04-07 04:18:15','2020-04-27 17:44:22'),(86,'M','1984-03-23','South Leland','Equatorial Guinea',39,'2010-05-05 10:09:41','2020-04-27 17:44:22'),(87,'M','2019-01-28','Gerlachport','Northern Mariana Islands',54,'2013-11-24 04:08:34','2020-04-27 17:44:22'),(88,'F','1982-06-18','East Samanthaview','Armenia',55,'2015-07-08 04:27:02','2020-04-27 17:44:22'),(89,'M','1973-12-14','West Carter','Sudan',3,'2012-01-22 10:19:15','2020-04-27 17:44:22'),(90,'M','1975-04-27','West Ryleigh','Anguilla',4,'2014-03-22 09:26:58','2020-04-27 17:44:22'),(91,'M','2011-12-04','West Abbyburgh','Cameroon',36,'2017-02-25 11:57:20','2020-04-27 17:44:22'),(92,'F','1971-10-27','South Elisha','Taiwan',40,'2017-11-01 17:40:26','2020-04-27 17:44:22'),(93,'F','1998-12-13','Lake Rosannahaven','Malta',24,'2013-02-20 14:17:53','2020-04-27 17:44:22'),(94,'M','1972-08-10','Mayertchester','Kuwait',58,'2014-02-02 11:49:54','2020-04-27 17:44:22'),(95,'M','2004-01-23','Lake Malachiland','Tanzania',32,'2012-10-21 02:27:30','2020-04-27 17:44:22'),(96,'M','2010-10-24','O\'Keefehaven','Azerbaijan',37,'2013-09-22 04:56:14','2020-04-27 17:44:22'),(97,'M','1982-08-27','South Donavon','Afghanistan',97,'2012-05-23 05:16:57','2020-04-27 17:44:22'),(98,'M','1972-02-11','East Israelville','Spain',41,'2011-04-27 14:01:00','2020-04-27 17:44:22'),(99,'M','2016-12-13','Lake Cassie','Malta',38,'2012-03-31 02:58:54','2020-04-27 17:44:22'),(100,'F','1974-11-28','Destinyborough','Namibia',43,'2014-04-03 04:46:28','2020-04-27 17:44:22');
/*!40000 ALTER TABLE `profiles` ENABLE KEYS */;
UNLOCK TABLES;

--
-- Table structure for table `users`
--

DROP TABLE IF EXISTS `users`;
/*!40101 SET @saved_cs_client     = @@character_set_client */;
/*!50503 SET character_set_client = utf8mb4 */;
CREATE TABLE `users` (
  `id` int unsigned NOT NULL AUTO_INCREMENT,
  `first_name` varchar(100) CHARACTER SET utf8 COLLATE utf8_unicode_ci NOT NULL,
  `last_name` varchar(100) CHARACTER SET utf8 COLLATE utf8_unicode_ci NOT NULL,
  `email` varchar(100) CHARACTER SET utf8 COLLATE utf8_unicode_ci NOT NULL,
  `phone` varchar(100) CHARACTER SET utf8 COLLATE utf8_unicode_ci NOT NULL,
  `created_at` datetime DEFAULT CURRENT_TIMESTAMP,
  `updated_at` datetime DEFAULT CURRENT_TIMESTAMP ON UPDATE CURRENT_TIMESTAMP,
  PRIMARY KEY (`id`),
  UNIQUE KEY `email` (`email`),
  UNIQUE KEY `phone` (`phone`)
) ENGINE=InnoDB AUTO_INCREMENT=101 DEFAULT CHARSET=utf8 COLLATE=utf8_unicode_ci;
/*!40101 SET character_set_client = @saved_cs_client */;

--
-- Dumping data for table `users`
--

LOCK TABLES `users` WRITE;
/*!40000 ALTER TABLE `users` DISABLE KEYS */;
INSERT INTO `users` VALUES (1,'Elvie','Kohler','elisa.nikolaus@example.net','704.137.6538x8176','1971-04-06 17:44:21','2015-08-16 22:10:35'),(2,'Tillman','Bednar','titus68@example.net','413.176.5145x60877','1999-06-28 07:55:15','2008-03-28 20:22:55'),(3,'Ahmad','Bayer','marcelo.stracke@example.net','052.371.3607','2008-02-24 10:45:39','2020-04-27 17:31:09'),(4,'Emely','Hammes','chanel.pouros@example.net','849-416-9940x5184','1970-03-30 11:07:08','2020-02-05 22:22:36'),(5,'Lorenz','McGlynn','otis.tillman@example.com','637-840-9052','1995-12-07 11:41:17','2020-04-27 17:31:09'),(6,'Stewart','Goldner','corkery.kelli@example.org','(653)887-2561x39640','1974-07-05 15:51:31','1983-06-28 05:00:32'),(7,'Ciara','Champlin','glover.solon@example.com','574.048.2475x7066','1979-06-07 19:15:17','2005-08-16 18:52:12'),(8,'Fredrick','Goyette','marlen.kuphal@example.org','732.484.8324x98899','1978-12-02 06:14:19','1989-03-04 05:31:54'),(9,'Danial','Hammes','gordon70@example.net','228.577.3805x5857','2017-05-12 20:09:10','2020-04-27 17:31:09'),(10,'Shanel','Wiegand','lafayette82@example.org','731-635-5548','2019-02-14 19:24:04','2020-04-27 17:31:09'),(11,'Kasey','Gusikowski','heaven.orn@example.org','772-670-8683x83539','2016-09-06 01:20:58','2020-04-27 17:31:09'),(12,'Bridget','Abernathy','humberto28@example.net','443.495.2186x975','2000-12-31 21:24:06','2020-04-27 17:31:09'),(13,'Georgianna','Heidenreich','imani25@example.com','961.250.3430x450','1991-05-28 13:05:24','2003-04-12 05:45:34'),(14,'Remington','Towne','hilda70@example.com','1-747-981-9970','2016-12-11 17:13:57','2020-04-27 17:31:09'),(15,'Jamel','Abernathy','pbrekke@example.org','190-177-2839x96700','2015-12-14 17:25:40','2020-04-27 17:31:09'),(16,'Ward','McCullough','kiel.thiel@example.org','072-608-1667x6350','2012-08-08 18:31:01','2020-04-27 17:31:09'),(17,'Emmalee','Leannon','cecil98@example.org','(342)467-3714x944','1972-01-23 03:40:47','1983-04-30 00:23:00'),(18,'Elmo','Armstrong','mable.rice@example.com','190.460.9945','1999-01-06 10:59:57','2020-04-27 17:31:09'),(19,'Esteban','Greenholt','simonis.otilia@example.net','(897)088-9451','1994-06-17 06:28:06','2020-04-27 17:31:09'),(20,'Santa','Pfannerstill','gina.berge@example.org','531-477-1224','1998-11-06 17:18:11','2010-10-04 14:34:47'),(21,'Shanelle','Becker','nya.kuvalis@example.net','(974)521-9073','2020-02-21 07:00:39','2020-04-27 17:31:09'),(22,'Lurline','Kuvalis','rodrigo.trantow@example.org','037.576.3247x45840','2005-07-24 14:02:37','2020-04-27 17:31:09'),(23,'Reuben','Swaniawski','pfeffer.dale@example.com','(552)831-5407x396','1984-01-14 05:05:20','2001-07-19 10:26:59'),(24,'Sally','Moore','o\'hara.flavie@example.org','902-732-4601x7631','1988-05-13 18:30:39','1988-08-23 03:57:28'),(25,'Abel','Morissette','janiya.crooks@example.net','04231373588','1975-10-29 04:38:38','1978-06-11 02:12:44'),(26,'Jacinthe','Steuber','leffler.andre@example.com','478-013-1022x5647','2014-04-13 07:44:32','2020-04-27 17:31:09'),(27,'Antonia','Pfeffer','miller.alverta@example.net','419.825.2831x337','2003-05-10 00:34:47','2020-04-27 17:31:09'),(28,'Price','Bode','omari.wintheiser@example.net','07379050292','1986-05-27 12:16:40','1998-10-20 21:08:27'),(29,'Ayana','Fahey','conn.jeanne@example.com','101.729.0968','1983-11-30 11:08:36','2006-03-01 04:05:43'),(30,'Guadalupe','Hyatt','ebert.izabella@example.net','044.642.3639x27096','1982-09-04 16:29:55','2020-04-27 17:31:09'),(31,'Obie','Nikolaus','zgreen@example.net','(169)075-8991x260','1979-04-11 08:01:14','2012-03-21 08:07:33'),(32,'Kirstin','Ritchie','gisselle.boyle@example.org','(422)017-4369x019','2016-06-07 08:50:52','2020-04-27 17:31:09'),(33,'Wilmer','Quitzon','collin.langworth@example.com','(479)446-9048x7045','2018-07-03 01:23:37','2020-04-27 17:31:09'),(34,'Tate','Willms','cummings.jane@example.org','009.931.8659','1973-12-23 19:22:14','1975-02-24 16:05:33'),(35,'Julio','Murazik','marquis93@example.com','06948344994','1976-02-04 20:54:51','2017-11-17 15:48:22'),(36,'Maxine','Rogahn','powlowski.madelynn@example.net','(793)817-2031','1984-09-15 01:47:09','2009-03-30 01:32:52'),(37,'Presley','Von','ziemann.ara@example.net','186.799.1909','1998-10-10 22:53:00','2020-04-27 17:31:09'),(38,'Nicola','Reichel','tdaniel@example.com','09022766659','2018-04-30 20:20:35','2020-04-27 17:31:09'),(39,'Lisandro','Ratke','romaguera.kristin@example.net','434.122.9538x64336','1974-08-18 18:40:47','1987-04-21 11:48:33'),(40,'Camylle','Wilkinson','jschroeder@example.com','842-945-4487x387','2006-01-01 07:35:28','2020-04-27 17:31:09'),(41,'Clarabelle','Gerlach','o\'conner.easton@example.org','(598)136-5353x24720','1995-05-22 05:22:33','2012-09-03 07:30:03'),(42,'Velma','Schoen','lubowitz.helena@example.org','(878)426-4612','1975-09-21 00:34:22','2012-07-01 19:44:53'),(43,'Pauline','Botsford','gorczany.timmy@example.net','1-261-837-1617x52379','1978-07-16 02:18:37','1999-09-30 12:11:28'),(44,'Xzavier','Daugherty','reichel.creola@example.org','1-556-109-3380x30868','1973-03-14 14:09:44','1984-08-29 02:19:10'),(45,'Judy','Donnelly','madyson.schaden@example.net','843.598.4147x62300','1991-06-12 03:10:48','1992-07-23 13:17:15'),(46,'Krystel','Gleason','zachariah.thompson@example.org','(576)340-4955x72224','1995-07-02 11:09:23','2020-04-27 17:31:09'),(47,'Noelia','Leuschke','kirlin.stanton@example.com','1-129-022-3607','1977-06-05 06:59:08','2020-04-27 17:31:09'),(48,'Susana','Shields','zwitting@example.net','600.789.5233x919','2015-06-10 07:29:48','2020-04-27 17:31:09'),(49,'Abdiel','Corwin','trosenbaum@example.org','637.911.3603x3207','2018-07-24 07:13:18','2020-04-27 17:31:09'),(50,'Emelie','Rolfson','andy73@example.org','420-134-8003','1974-05-06 07:24:25','1979-12-17 01:12:03'),(51,'Walker','Padberg','monserrate13@example.com','05952890548','2008-12-02 10:37:27','2011-12-11 02:38:03'),(52,'Xavier','Huel','schaefer.edna@example.org','292.755.7426x48352','1979-01-14 21:54:34','2020-03-20 21:34:26'),(53,'Garnett','Rutherford','ywintheiser@example.org','1-297-096-2447x760','1993-06-13 09:58:11','2003-04-29 20:57:21'),(54,'Blair','Bednar','champlin.john@example.org','1-050-104-4177','2013-12-06 01:54:39','2020-04-27 17:31:09'),(55,'Velda','Towne','bkling@example.org','986-606-2796x4642','1997-01-05 11:58:05','2020-04-27 17:31:09'),(56,'Caterina','Murphy','initzsche@example.org','787-428-2713x98768','1995-08-06 06:25:22','2000-06-07 15:32:34'),(57,'Gene','Lebsack','jazmin03@example.net','1-557-632-6421','1972-05-06 19:01:54','1987-12-13 01:08:05'),(58,'River','Beier','marion.kiehn@example.org','323.696.9340','1985-10-20 17:11:20','1998-04-29 04:30:21'),(59,'Vern','Fritsch','ntreutel@example.net','(137)518-7455x18366','1996-01-14 07:41:17','2020-04-27 17:31:09'),(60,'Daniela','Ledner','jakayla18@example.org','088.902.4107x3887','1985-08-22 06:58:13','2016-02-12 20:41:56'),(61,'Harrison','Johnson','dorcas.hilpert@example.com','879-899-1168x379','1973-09-17 11:17:37','2006-11-09 16:22:01'),(62,'Bridgette','Watsica','shany86@example.net','742.391.9565x5384','1974-04-09 17:42:47','1983-09-13 08:43:59'),(63,'Verna','Roberts','espencer@example.com','(785)322-3232x8889','2004-03-20 13:06:59','2020-04-27 17:31:09'),(64,'Caroline','Orn','manuel.blick@example.net','03217895086','2004-03-28 21:49:01','2020-04-27 17:31:09'),(65,'Karina','Schiller','marcella04@example.com','222.599.3507','1993-04-05 15:46:09','2013-04-12 03:19:53'),(66,'Rahul','McCullough','o\'hara.juwan@example.com','581.146.2662','2006-07-15 04:53:02','2020-04-27 17:31:09'),(67,'Joan','Weber','kaycee40@example.com','+69(7)3309602982','1973-03-02 02:30:46','2017-03-24 04:57:15'),(68,'Tobin','Bartell','zemlak.andreane@example.com','596-121-4592x1809','1972-10-20 13:53:57','2003-05-05 17:47:24'),(69,'Ernestina','Kunze','feeney.branson@example.net','112.820.8925x3915','1974-05-05 14:20:29','2010-09-08 04:13:18'),(70,'Kurtis','Fay','destiney.koss@example.net','1-204-373-8823','2013-08-08 05:27:04','2020-04-27 17:31:09'),(71,'Catalina','Schoen','haag.karli@example.org','347.590.5596x21450','2012-12-30 13:10:51','2020-04-27 17:31:09'),(72,'Harvey','Gislason','eulalia22@example.com','649-451-3109x370','2004-05-15 05:09:17','2004-05-30 20:53:32'),(73,'Hubert','Frami','hubert.bashirian@example.net','+92(6)5999560874','1991-07-17 10:32:43','2015-05-07 00:24:36'),(74,'Josie','Powlowski','schroeder.kallie@example.com','1-078-237-6163x8642','1997-02-25 10:51:54','2005-05-18 08:34:09'),(75,'Vernice','Homenick','treutel.stuart@example.org','(829)979-9867','2009-08-16 13:36:45','2020-04-27 17:31:09'),(76,'Evalyn','O\'Connell','kdach@example.org','444.015.6398x0520','1988-06-22 00:44:00','2020-04-27 17:31:09'),(77,'Leone','Feeney','langosh.margaret@example.net','03556739159','1976-04-28 19:50:44','1985-11-25 08:33:13'),(78,'Benedict','Morar','qkemmer@example.com','1-988-242-3115x401','2012-05-23 01:18:54','2020-04-27 17:31:09'),(79,'Alessandro','Tillman','bogan.wendy@example.net','1-855-434-4993x418','1989-05-20 13:06:22','2013-09-19 06:22:34'),(80,'Carli','Spinka','phirthe@example.com','(946)085-0852','1993-09-26 16:17:05','2020-04-27 17:31:09'),(81,'Alexys','Rosenbaum','towne.randall@example.org','953-423-4716','1976-03-29 10:01:55','2019-10-06 18:58:22'),(82,'Coty','Stanton','imedhurst@example.net','06146283035','1994-03-31 20:51:13','2008-10-26 04:28:14'),(83,'Citlalli','Prohaska','vicky30@example.org','115.788.9163','2001-05-30 05:27:19','2020-04-27 17:31:09'),(84,'Domingo','Weissnat','maxime54@example.org','779-870-3834','1976-09-16 00:13:28','1991-01-05 11:32:59'),(85,'Lance','Bergnaum','otho70@example.org','+26(5)5347305557','1992-01-01 00:20:31','2020-04-27 17:31:09'),(86,'Alek','Cruickshank','greenholt.jaylen@example.net','138.484.0280x61563','1971-12-06 00:22:22','2005-11-15 03:52:52'),(87,'Norma','Watsica','carmel.satterfield@example.org','03937263966','2010-06-18 00:20:23','2020-04-27 17:31:09'),(88,'Sabrina','Zieme','mcclure.charlie@example.net','738.554.1030x8911','2009-03-02 18:01:32','2020-04-27 17:31:09'),(89,'Arno','Hermann','vdenesik@example.net','1-072-738-8957','2017-08-11 17:33:13','2020-04-27 17:31:09'),(90,'Christiana','Nicolas','mosciski.virgil@example.com','(057)908-7170x404','2014-03-24 09:59:25','2020-04-27 17:31:09'),(91,'Kelsie','Heller','kendrick25@example.com','(943)739-3489x11365','2016-01-13 05:08:41','2020-04-27 17:31:09'),(92,'Randal','Kub','ryan.osinski@example.org','233.452.4902x746','2020-04-07 09:31:21','2020-04-27 17:31:09'),(93,'Jamaal','Fritsch','oschroeder@example.com','+47(7)0933279576','2009-05-19 06:13:08','2011-03-16 06:40:54'),(94,'Kaylee','Breitenberg','dangelo45@example.com','578-962-9336','2005-09-21 19:37:04','2020-04-27 17:31:09'),(95,'Toney','Kirlin','adams.telly@example.net','070.510.6305','2016-11-08 01:02:42','2020-04-27 17:31:09'),(96,'Kameron','Osinski','cmills@example.com','504-340-0322x5028','1997-05-21 12:37:44','2020-04-27 17:31:09'),(97,'Tristin','Rippin','okovacek@example.com','09543062420','2000-01-15 05:31:30','2020-04-27 17:31:09'),(98,'Morris','Will','kavon16@example.net','676-166-0884','1975-03-08 03:13:18','2020-04-27 17:31:09'),(99,'Jerald','Wehner','oberbrunner.russ@example.org','433-048-4852','2012-10-19 00:42:22','2020-04-27 17:31:09'),(100,'Shane','Morissette','runolfsdottir.breanna@example.com','1-378-962-3190x17869','1985-03-28 12:54:04','1998-03-02 05:07:25');
/*!40000 ALTER TABLE `users` ENABLE KEYS */;
UNLOCK TABLES;
/*!40103 SET TIME_ZONE=@OLD_TIME_ZONE */;

/*!40101 SET SQL_MODE=@OLD_SQL_MODE */;
/*!40014 SET FOREIGN_KEY_CHECKS=@OLD_FOREIGN_KEY_CHECKS */;
/*!40014 SET UNIQUE_CHECKS=@OLD_UNIQUE_CHECKS */;
/*!40101 SET CHARACTER_SET_CLIENT=@OLD_CHARACTER_SET_CLIENT */;
/*!40101 SET CHARACTER_SET_RESULTS=@OLD_CHARACTER_SET_RESULTS */;
/*!40101 SET COLLATION_CONNECTION=@OLD_COLLATION_CONNECTION */;
/*!40111 SET SQL_NOTES=@OLD_SQL_NOTES */;

-- Dump completed on 2020-04-27 21:39:41
